{
  "spread_measure": 0.8224547399354198,
  "hypervolume": 7163.656924576337,
  "num_solutions": 3,
  "num_feasible": 3,
  "utopian_point": [
    1260.1415498022732,
    215.45372036220894
  ],
  "nadir_point": [
    1386.1557047825006,
    236.99909239842987
  ],
  "reference_point": [
    1524.7712752607508,
    260.6990016382729
  ]
}