{
  "spread_measure": 0.7972805486338764,
  "hypervolume": 34119.08433206847,
  "num_solutions": 15,
  "num_feasible": 15,
  "utopian_point": [
    1207.2930847664536,
    272.4845048062836
  ],
  "nadir_point": [
    1677.2261246672203,
    535.0706796903787
  ],
  "reference_point": [
    1844.9487371339426,
    588.5777476594167
  ]
}