{
  "spread_measure": 0.7127153702166447,
  "hypervolume": 27489.782121494838,
  "num_solutions": 7,
  "num_feasible": 7,
  "utopian_point": [
    1179.305988499764,
    247.08628655527636
  ],
  "nadir_point": [
    1505.0584244753213,
    577.2032396479188
  ],
  "reference_point": [
    1655.5642669228537,
    634.9235636127108
  ]
}